CREATE DATABASE  IF NOT EXISTS `tmall_ssm` /*!40100 DEFAULT CHARACTER SET utf8 */ /*!80016 DEFAULT ENCRYPTION='N' */;
USE `tmall_ssm`;
-- MySQL dump 10.13  Distrib 8.0.16, for Win64 (x86_64)
--
-- Host: localhost    Database: tmall_ssm
-- ------------------------------------------------------
-- Server version	8.0.16

/*!40101 SET @OLD_CHARACTER_SET_CLIENT=@@CHARACTER_SET_CLIENT */;
/*!40101 SET @OLD_CHARACTER_SET_RESULTS=@@CHARACTER_SET_RESULTS */;
/*!40101 SET @OLD_COLLATION_CONNECTION=@@COLLATION_CONNECTION */;
 SET NAMES utf8 ;
/*!40103 SET @OLD_TIME_ZONE=@@TIME_ZONE */;
/*!40103 SET TIME_ZONE='+00:00' */;
/*!40014 SET @OLD_UNIQUE_CHECKS=@@UNIQUE_CHECKS, UNIQUE_CHECKS=0 */;
/*!40014 SET @OLD_FOREIGN_KEY_CHECKS=@@FOREIGN_KEY_CHECKS, FOREIGN_KEY_CHECKS=0 */;
/*!40101 SET @OLD_SQL_MODE=@@SQL_MODE, SQL_MODE='NO_AUTO_VALUE_ON_ZERO' */;
/*!40111 SET @OLD_SQL_NOTES=@@SQL_NOTES, SQL_NOTES=0 */;

--
-- Table structure for table `category`
--

DROP TABLE IF EXISTS `category`;
/*!40101 SET @saved_cs_client     = @@character_set_client */;
 SET character_set_client = utf8mb4 ;
CREATE TABLE `category` (
  `id` int(11) NOT NULL AUTO_INCREMENT COMMENT '唯一索引id',
  `name` varchar(255) NOT NULL COMMENT '分类的名字',
  PRIMARY KEY (`id`)
) ENGINE=InnoDB AUTO_INCREMENT=36 DEFAULT CHARSET=utf8;
/*!40101 SET character_set_client = @saved_cs_client */;

--
-- Dumping data for table `category`
--

LOCK TABLES `category` WRITE;
/*!40000 ALTER TABLE `category` DISABLE KEYS */;
INSERT INTO `category` VALUES (1,'大牌女装'),(2,'运动户外'),(3,'潮流男装'),(4,'家居家纺'),(5,'食品生鲜'),(6,'医药健康'),(7,'大家电'),(8,'小家电'),(9,'精品家具'),(10,'厨房卫浴');
/*!40000 ALTER TABLE `category` ENABLE KEYS */;
UNLOCK TABLES;

--
-- Table structure for table `order_`
--

DROP TABLE IF EXISTS `order_`;
/*!40101 SET @saved_cs_client     = @@character_set_client */;
 SET character_set_client = utf8mb4 ;
CREATE TABLE `order_` (
  `id` int(11) NOT NULL AUTO_INCREMENT COMMENT '唯一索引id',
  `order_code` varchar(255) NOT NULL COMMENT '订单号',
  `address` varchar(255) NOT NULL COMMENT '收货地址',
  `post` varchar(255) NOT NULL COMMENT '邮编',
  `receiver` varchar(255) NOT NULL COMMENT '收货人姓名',
  `mobile` varchar(255) NOT NULL COMMENT '手机号码',
  `user_message` varchar(255) NOT NULL COMMENT '用户备注的信息',
  `create_date` datetime NOT NULL COMMENT '订单创建时间',
  `pay_date` datetime DEFAULT NULL COMMENT '订单支付时间',
  `delivery_date` datetime DEFAULT NULL COMMENT '发货日期',
  `confirm_date` datetime DEFAULT NULL COMMENT '确认收货日期',
  `user_id` int(11) DEFAULT NULL COMMENT '对应的用户id',
  `status` varchar(255) NOT NULL COMMENT '订单状态',
  PRIMARY KEY (`id`),
  KEY `fk_order_user` (`user_id`),
  CONSTRAINT `fk_order_user` FOREIGN KEY (`user_id`) REFERENCES `user` (`id`)
) ENGINE=InnoDB AUTO_INCREMENT=19 DEFAULT CHARSET=utf8;
/*!40101 SET character_set_client = @saved_cs_client */;

--
-- Dumping data for table `order_`
--

LOCK TABLES `order_` WRITE;
/*!40000 ALTER TABLE `order_` DISABLE KEYS */;
INSERT INTO `order_` VALUES (1,'20191111156984165','地球村','22332233@rhonin.com','Saito Asuka','22332233223','路上注意安全','1996-11-30 00:00:00','2018-04-29 00:00:00','2018-04-29 00:00:00','2018-04-29 00:00:00',1,'finish'),(10,'20180506143826504','木叶','22332233@rhonin.com','齋藤飛鳥','22332233223','路上注意安全','2018-05-06 00:00:00','2018-05-06 00:00:00','2019-11-11 10:58:32',NULL,2,'waitReceipt'),(11,'20180507092435428','月球','22332233@rhonin.com','测试账号','22332233223','路上注意安全','2018-05-07 00:00:00','2018-05-07 00:00:00',NULL,NULL,3,'waitDelivery'),(12,'20180507180327444','亚特兰蒂斯','22332233@rhonin.com','啊羞羞','22332233223','路上注意安全','2018-05-07 00:00:00','2018-05-07 00:00:00','2018-05-07 00:00:00','2018-05-07 00:00:00',4,'waitReview'),(13,'20180507205110309','天庭','22332233@rhonin.com','rhonin','22332233223','路上注意安全','2018-05-07 00:00:00','2018-05-07 20:51:56',NULL,NULL,5,'waitDelivery'),(14,'20180716093257383','世界的尽头','22332233@rhonin.com','仙女','22332233223','路上注意安全','2018-07-16 00:00:00','2018-07-16 09:32:59',NULL,NULL,7,'waitDelivery'),(15,'20191114231845893','232323232','232323232','23232323','23232323','23232323','2019-11-14 15:18:46',NULL,NULL,NULL,NULL,'waitPayment'),(17,'20191115153711647','7777777777','777777777','asuka','77777777777','','2019-11-15 07:37:12',NULL,NULL,NULL,5,'waitPayment'),(18,'20191115154437127','nagizaka','77777777','asuka','7777777777','','2019-11-15 07:44:37','2019-11-15 07:44:46','2019-11-15 09:12:29','2019-11-15 09:25:31',5,'finish');
/*!40000 ALTER TABLE `order_` ENABLE KEYS */;
UNLOCK TABLES;

--
-- Table structure for table `order_item`
--

DROP TABLE IF EXISTS `order_item`;
/*!40101 SET @saved_cs_client     = @@character_set_client */;
 SET character_set_client = utf8mb4 ;
CREATE TABLE `order_item` (
  `id` int(11) NOT NULL AUTO_INCREMENT COMMENT '唯一索引id',
  `product_id` int(11) NOT NULL COMMENT '对应产品id',
  `order_id` int(11) DEFAULT NULL COMMENT '对应订单id',
  `user_id` int(11) NOT NULL COMMENT '对应用户id',
  `number` int(11) DEFAULT NULL COMMENT '对应产品购买的数量',
  PRIMARY KEY (`id`),
  KEY `fk_order_item_product` (`product_id`),
  KEY `fk_order_item_order` (`order_id`),
  KEY `fk_order_item_user` (`user_id`),
  CONSTRAINT `fk_order_item_order` FOREIGN KEY (`order_id`) REFERENCES `order_` (`id`),
  CONSTRAINT `fk_order_item_product` FOREIGN KEY (`product_id`) REFERENCES `product` (`id`),
  CONSTRAINT `fk_order_item_user` FOREIGN KEY (`user_id`) REFERENCES `user` (`id`)
) ENGINE=InnoDB AUTO_INCREMENT=35 DEFAULT CHARSET=utf8;
/*!40101 SET character_set_client = @saved_cs_client */;

--
-- Dumping data for table `order_item`
--

LOCK TABLES `order_item` WRITE;
/*!40000 ALTER TABLE `order_item` DISABLE KEYS */;
INSERT INTO `order_item` VALUES (14,4,1,1,1),(15,5,10,2,1),(16,6,11,3,5),(17,7,12,4,1),(18,8,13,5,1),(19,9,14,7,1),(20,10,1,1,2),(22,10,15,5,2),(23,6,15,5,1),(24,20,15,5,1),(25,160,15,5,1),(26,16,17,5,1),(27,148,17,5,1),(28,158,17,5,1),(29,156,18,5,1),(30,172,18,5,1),(31,160,18,5,1),(32,11,NULL,5,1),(33,149,NULL,5,1),(34,157,NULL,5,1);
/*!40000 ALTER TABLE `order_item` ENABLE KEYS */;
UNLOCK TABLES;

--
-- Table structure for table `product`
--

DROP TABLE IF EXISTS `product`;
/*!40101 SET @saved_cs_client     = @@character_set_client */;
 SET character_set_client = utf8mb4 ;
CREATE TABLE `product` (
  `id` int(11) NOT NULL AUTO_INCREMENT COMMENT '唯一索引id',
  `name` varchar(255) NOT NULL COMMENT '产品的名称',
  `sub_title` varchar(255) DEFAULT NULL COMMENT '小标题',
  `price` decimal(6,1) DEFAULT NULL COMMENT '价格',
  `promotePrice` decimal(6,1) DEFAULT NULL COMMENT '促销价',
  `stock` int(11) DEFAULT NULL COMMENT '库存',
  `category_id` int(11) DEFAULT NULL COMMENT '对应的分类id',
  `createDate` datetime DEFAULT NULL,
  PRIMARY KEY (`id`),
  KEY `fk_product_category` (`category_id`),
  CONSTRAINT `fk_product_category` FOREIGN KEY (`category_id`) REFERENCES `category` (`id`)
) ENGINE=InnoDB AUTO_INCREMENT=193 DEFAULT CHARSET=utf8;
/*!40101 SET character_set_client = @saved_cs_client */;

--
-- Dumping data for table `product`
--

LOCK TABLES `product` WRITE;
/*!40000 ALTER TABLE `product` DISABLE KEYS */;
INSERT INTO `product` VALUES (4,'女装 高级轻型羽绒背心 419775 优衣库UNIQLO','初上市价格299元 初上市尺码范围: XS-XXXL',299.0,199.0,9998,1,NULL),(5,'ZARA 新款 TRF 女装 口袋加大码大衣 01255235802',' 做工精细 气质优雅',599.0,299.0,9999,1,'2019-11-11 00:00:00'),(6,'【关晓彤同款】ONLY2019冬季新款情侣男女同款长款卫衣|11939S574','字母印花装饰 可爱卡通印花 宽松落肩版型',499.0,199.0,9999,1,'2019-11-11 00:00:00'),(7,'江疏影明星同款Vero Moda2019秋季加绒长袖潮短款卫衣女319333513','红色、黑色、蓝色-预售2019.12.3号发货',399.0,199.0,9999,1,'2019-11-11 00:00:00'),(8,'【戚薇明星同款】太平鸟荧光绿卫衣女2019冬季新款宽松毛茸茸卫衣','时尚荧光绿 温暖毛感面料',659.0,314.0,9999,1,'2019-11-11 00:00:00'),(9,'李小冉同款伊芙丽毛呢外套2019新款秋阿尔巴卡中长款双面呢大衣女','阿尔巴卡双面呢大衣 撞色单排扣开合',2780.0,719.0,9999,1,'2019-11-11 00:00:00'),(10,'阿迪达斯官网 YEEZY BOOST 350 V2男女经典运动鞋CP9366','官方旗舰店 尺码参考试穿报告',1899.0,1399.0,9999,2,'2019-11-11 00:00:00'),(11,'PUMA彪马官方正品 娜扎杨洋新款男女RALPH SAMPSON休闲鞋 370846','活力拼色 英国码 产地中国',669.0,549.0,9999,2,'2019-11-11 00:00:00'),(12,'CONVERSE匡威官方 经典款 休闲男女鞋 情侣鞋 101010','CT 尺码偏大 参考尺码建议',439.0,389.0,9999,2,'2019-11-11 00:00:00'),(13,'FILA FUSION 斐乐RAY情侣款老爹鞋女 休闲运动跑鞋男Kōki,跑步鞋','百年意式经典 品牌官方旗舰店 正品保障',980.0,599.0,9999,2,'2019-11-11 00:00:00'),(14,'New Balance NB官方2019新款女鞋运动休闲鞋565系列WL565AS缓震','11.11 0-1点 1件折上再8折',699.0,249.0,9999,2,'2019-11-11 00:00:00'),(15,'Skechers斯凯奇情侣鞋女怪兽甜心小白鞋休闲运动鞋老爹鞋88888328','因批次不同，细节颜色略有差异，随机发货',649.0,369.0,9999,2,'2019-11-11 00:00:00'),(16,'GXG男装2019年秋季新款字母工装ins长袖衬衫外套男韩版潮流上衣','100%棉，美式工装风，字母照片印装饰衬衫',769.0,359.0,9999,3,'2019-11-11 00:00:00'),(17,'男装 牛仔工装衬衫(水洗产品)(长袖) 419017 优衣库UNIQLO','初上市价格199元 初上市尺码范围: XS-4XL',199.0,109.0,9999,3,'2019-11-11 00:00:00'),(18,'太平鸟男装 工装裤男潮牌cargo休闲裤束腿裤ins裤子多口袋工装裤','多口袋工装裤',598.0,269.0,9999,3,'2019-11-11 00:00:00'),(19,'JackJones杰克琼斯冬季连帽羽绒服男士短款潮韩版青年休闲外套ins','按扣拉链双门襟 宽大按扣袋盖多用途口袋',1699.0,849.0,9999,3,'2019-11-11 00:00:00'),(20,'美特斯邦威撞色羽绒服男潮2019新款冬季韩版潮流连帽男士工装外套','舒适连帽 简约韩风',1199.0,599.0,9999,3,'2019-11-11 00:00:00'),(21,'森马休闲裤男工装春秋潮牌束脚韩版2019新款直筒宽松小脚运动长裤','工装风 潮流休闲 合体版型 运动束脚裤子潮',199.0,143.0,9999,3,'2019-11-11 00:00:00'),(148,'雅兰床垫独立弹簧床垫席梦思软硬两用天然乳胶床垫1.8m床深睡尊享','累计售出70000多张 上万家庭的共同选择',11220.0,3299.0,9999,4,'2019-11-11 00:00:00'),(149,'H＆M HOME家居用品被套组合粉色棉质双人三件套枕套被套HM0698037','活动当天11月11号 0-2点 3件9折 5件8折',399.0,299.0,9999,4,'2019-11-11 00:00:00'),(150,'博洋家纺水洗棉床笠四件套全棉纯棉北欧风被套网红款秋冬床上用品','裸睡亲肤水洗棉 细致立体刺绣',1709.0,512.0,9999,4,'2019-11-11 00:00:00'),(151,'罗莱家纺床上用品60s长绒棉全棉纯棉四件套1.8米双人被套国潮套件','全棉面料 柔软舒适 吸湿透气 亲肤细腻',2880.0,899.0,9999,4,'2019-11-11 00:00:00'),(152,'洁丽雅毛巾 纯棉加厚洗脸巾吸水全棉家用成人不掉毛儿童女面巾4条','甄选新疆长绒棉，柔软舒适亲肤',80.0,29.0,9999,4,'2019-11-11 00:00:00'),(153,'朱一龙同款膳魔师小礼帽系列316不锈钢保温杯TCME-400S 400ml','新品 单手开合',365.0,268.0,9999,4,'2019-11-11 00:00:00'),(154,'友臣肉松饼2.5斤整箱网红零食小吃早餐糕点面包食品整箱散装批发','新鲜日期 正品好货',60.0,39.0,9999,5,'2019-11-11 00:00:00'),(155,'肖三婆香辣手撕兔550g四川成都特产双流老妈整只烤全兔冷吃兔兔头','麻辣鲜香 夜宵美味 佐酒佳品',238.0,98.0,9999,5,'2019-11-11 00:00:00'),(156,'买一箱送二整箱 营养早餐速食2000g蛋糕懒人小零食品糕点面包饼干','收藏加购宝贝优先发货',68.0,29.0,9999,5,'2019-11-11 00:00:00'),(157,'11日开抢 应季【有机】天勤粒粒新鲜甜糯玉米10支粘糯米黏玉米棒','应季鲜采熟制 非转基因 无农残',79.0,35.0,9999,5,'2019-11-11 00:00:00'),(158,'李子柒 柳州螺蛳粉广西特产正宗螺丝粉方便面速食米线酸辣粉3包','10分钟舌尖美食 地道柳州风味',77.0,29.0,9999,5,'2019-11-11 00:00:00'),(159,'【双11买1发3】王饱饱酸奶水果烘焙麦片2包早餐冲泡干吃代餐即食','高纤非膨化 代餐新食尚',159.0,88.0,9999,5,'2019-11-11 00:00:00'),(160,'日本安目瞳美瞳日抛女10片大小直径14.0程潇同款envie隐形眼镜jz','满400券减60 多买多减',138.0,76.0,9999,6,'2019-11-11 00:00:00'),(161,'2盒装】博士伦隐形近视眼镜日抛盒60片透明隐型旗舰店官网正品男','官方授权 品质保证',396.0,278.0,9999,6,'2019-11-11 00:00:00'),(162,'秦仁堂玉树野生冬虫夏草4根/克虫草正品干货西藏那曲2克8根礼盒','精挑细选 质量上乘 色泽棕黄 营养更高',790.0,396.0,9999,6,'2019-11-11 00:00:00'),(163,'华润三九钙片碳酸钙儿童青少年学生长高成长补钙铁锌天猫正品超值','买1送1。全面营养，助力成长！',218.0,88.0,9999,6,'2019-11-11 00:00:00'),(164,'百格斯创面修复抗菌敷料褥疮喷雾伤口结痂快速愈合液体凝胶旗舰店','伤口修复 抗菌敷料 买2送1',98.0,48.0,9999,6,'2019-11-11 00:00:00'),(165,'Alcon爱尔康视康双氧水隐形眼镜护理液官方正品授权[360ml*2瓶]','官方授权旗舰店',399.0,156.0,9999,6,'2019-11-11 00:00:00'),(166,'Hisense/海信 75E3D 75英寸4K高清智能网络平板液晶电视机','预约抢30名5折特权 4KHDR 智慧语音运动防抖',6999.0,4999.0,9999,7,'2019-11-11 00:00:00'),(167,'【加购抢5折】AUX/奥克斯35Q1大1.5匹一级节能家用变频挂机空调','舒适节能 18分贝静音 强力除湿',3999.0,2499.0,9999,7,'2019-11-11 00:00:00'),(168,'小天鹅洗衣机全自动家用洗烘干一体10kg变频滚筒TD100V62WADG5','【11/11开抢】加入购物车0点限量抢5折',5999.0,3999.0,9999,7,'2019-11-11 00:00:00'),(169,'Haier/海尔 BCD-470WDPG 十字对开变频静音节能干湿分储家用冰箱','纤薄机身 新1级能效',5999.0,4799.0,9999,7,'2019-11-11 00:00:00'),(170,'美的J57抽油烟机燃气灶套餐烟机灶具套装烟灶套餐抽灶消热三件套','20立方大吸力 自清洗 烟灶/消/热多种组合',5297.0,2097.0,9999,7,'2019-11-11 00:00:00'),(171,'Midea/美的电热水器F6021-V3C家用60L小型储水式淋浴速热智能变频','8年包修 一级能效 5倍热水',1599.0,1099.0,9999,7,'2019-11-11 00:00:00'),(172,'【抢先加购】Dyson戴森 吹风机 Supersonic HD03紫红新增柔和风嘴','新一代戴森吹风机，快速干发，无需过高温度',2990.0,2690.0,9999,8,'2019-11-11 00:00:00'),(173,'【抢先加购】Dyson戴森V10 Fluffy小型家用无线吸尘器大吸力除螨','适用于大户型，呵护硬质地面',3990.0,3490.0,9999,8,'2019-11-11 00:00:00'),(174,'九阳破壁机家用加热全自动料理机多功能豆浆辅食榨汁官网正品Y912','全新升级，天猫定制IOT，智能WIFI重磅来袭',1299.0,899.0,9999,8,'2019-11-11 00:00:00'),(175,'【抢先加购】Dyson戴森V8 Fluffy吸尘器小型家用手持无线大吸力','高效整屋清洁中等户型',3090.0,2490.0,9999,8,'2019-11-11 00:00:00'),(176,'小米扫地机器人智能家用超薄米家全自动吸尘器洗地擦地拖地一体机','【19年旗舰新品】三种扫拖模式 LDS激光导',1999.0,1589.0,9999,8,'2019-11-11 00:00:00'),(177,'苏泊尔电烤箱家用烘焙小型烤箱多功能全自动蛋糕35L升大容量正品','35L升大容量 120分钟带长通定时器 独立温控',999.0,299.0,9999,8,'2019-11-11 00:00:00'),(178,'金可儿乳胶床垫席梦思 酒店床垫1.5m1.8米护脊独立弹簧床垫 繁星A','三区护边设计 独立袋装弹簧床垫 天梦升级款',21000.0,7289.0,9999,9,'2019-11-11 00:00:00'),(179,'Serta/美国舒达杜克护脊床垫乳胶硬垫1.8m弹簧床席梦思旗舰店官方','亲肤针织面料 环保乳胶 护脊弹簧',9698.0,6499.0,9999,9,'2019-11-11 00:00:00'),(180,'Sealy/丝涟床垫 双人乳胶床垫 1.8m弹簧床垫 皇室尊享经典版','百年工艺 深度睡眠 付款30天内发货',14588.0,8188.0,9999,9,'2019-11-11 00:00:00'),(181,'Ashley爱室丽 美式皮艺小户型客厅欧式轻奢头层牛皮真皮沙发组合','74年北美品牌 全球960+门店 畅销123个国家',28342.0,10203.0,9999,9,'2019-11-11 00:00:00'),(182,'康朴乐儿童书桌小学生学习桌可升降书桌写字桌家用学生课桌椅套装','随着儿童成长的身形而调整升降的书桌椅',13060.0,7812.0,9999,9,'2019-11-11 00:00:00'),(183,'Harbor House Blue美式卧室实木框双人床1.5/1.8m主卧大床Aston','今日付定送浴巾四件套 木性坚韧 密度适中',7980.0,4380.0,9999,9,'2019-11-11 00:00:00'),(184,'德国唯宝虹吸式马桶家用卫生间陶瓷节水马桶防臭卫浴坐便器','原装进口 直旋冲水技术 标准坑距305',17205.0,4999.0,9999,10,'2019-11-11 00:00:00'),(185,'卡德维浴缸德国原装进口钢瓷釉浴缸卡月诺Cayono系列浴缸','简约时尚 流线设计 更舒适 质保30年',12917.0,5599.0,9999,10,'2019-11-11 00:00:00'),(186,'ROCA乐家卫浴官方智能马桶一体式全自动阿笛思家用马桶盖自翻坐厕','全智能遥控 烘干除臭 活水即热',18875.0,6899.0,9999,10,'2019-11-11 00:00:00'),(187,'德立菲duravit杜拉维特SensoWash i Plus一体式智能马桶坐便器','手机APP操控随心所欲',59484.0,29236.0,9999,10,'2019-11-11 00:00:00'),(188,'geberit吉博力艾珂壁挂式马桶进口墙排式挂墙移位隐藏水箱坐便器','geberit吉博力 iCon艾珂 进口壁挂马桶套餐',8500.0,8287.0,9999,10,'2019-11-11 00:00:00'),(189,'德国铂浪高BLANCO SUBLINE700-U花岗岩水槽洗菜盆石英石单槽台下','花岗岩单槽 易清洁 耐刮 耐高温 耐冲击',13058.0,8299.0,9999,10,'2019-11-11 00:00:00');
/*!40000 ALTER TABLE `product` ENABLE KEYS */;
UNLOCK TABLES;

--
-- Table structure for table `product_image`
--

DROP TABLE IF EXISTS `product_image`;
/*!40101 SET @saved_cs_client     = @@character_set_client */;
 SET character_set_client = utf8mb4 ;
CREATE TABLE `product_image` (
  `id` int(11) NOT NULL AUTO_INCREMENT COMMENT '唯一索引id',
  `product_id` int(11) DEFAULT NULL COMMENT '对应的产品id',
  `type` varchar(45) DEFAULT NULL COMMENT '展示图片和还是详情图片',
  PRIMARY KEY (`id`),
  KEY `fk_product_image_product` (`product_id`),
  CONSTRAINT `fk_product_image_product` FOREIGN KEY (`product_id`) REFERENCES `product` (`id`)
) ENGINE=InnoDB AUTO_INCREMENT=249 DEFAULT CHARSET=utf8;
/*!40101 SET character_set_client = @saved_cs_client */;

--
-- Dumping data for table `product_image`
--

LOCK TABLES `product_image` WRITE;
/*!40000 ALTER TABLE `product_image` DISABLE KEYS */;
INSERT INTO `product_image` VALUES (11,4,'single'),(12,4,'single'),(13,4,'single'),(14,4,'single'),(15,4,'single'),(16,4,'detail'),(17,4,'detail'),(18,4,'detail'),(19,4,'detail'),(20,4,'detail'),(21,4,'detail'),(22,5,'single'),(23,6,'single'),(24,7,'single'),(25,8,'single'),(26,9,'single'),(101,10,'single'),(102,10,'single'),(103,10,'single'),(104,10,'single'),(105,10,'single'),(106,10,'detail'),(107,10,'detail'),(108,10,'detail'),(109,10,'detail'),(110,10,'detail'),(111,10,'detail'),(112,11,'single'),(113,12,'single'),(114,13,'single'),(115,15,'single'),(116,16,'single'),(117,16,'single'),(118,16,'single'),(119,16,'single'),(120,16,'single'),(121,16,'detail'),(122,16,'detail'),(123,16,'detail'),(124,16,'detail'),(126,17,'single'),(131,16,'detail'),(132,18,'single'),(133,19,'single'),(134,20,'single'),(135,21,'single'),(136,148,'single'),(137,148,'single'),(138,148,'single'),(139,148,'single'),(140,148,'single'),(141,148,'detail'),(142,148,'detail'),(143,148,'detail'),(144,148,'detail'),(145,148,'detail'),(146,148,'detail'),(147,149,'single'),(148,150,'single'),(149,151,'single'),(150,152,'single'),(151,153,'single'),(152,154,'single'),(153,154,'single'),(154,154,'single'),(155,154,'single'),(156,154,'single'),(157,154,'detail'),(158,154,'detail'),(159,154,'detail'),(160,154,'detail'),(161,155,'single'),(162,156,'single'),(163,157,'single'),(164,158,'single'),(165,159,'single'),(166,160,'single'),(167,160,'single'),(168,160,'single'),(169,160,'single'),(170,160,'single'),(171,160,'detail'),(172,160,'detail'),(173,160,'detail'),(174,160,'detail'),(175,160,'detail'),(176,160,'detail'),(177,160,'detail'),(178,161,'single'),(179,162,'single'),(180,163,'single'),(181,164,'single'),(182,165,'single'),(183,166,'single'),(184,166,'single'),(185,166,'single'),(186,166,'single'),(187,166,'single'),(188,166,'detail'),(189,166,'detail'),(190,166,'detail'),(191,166,'detail'),(192,166,'detail'),(193,166,'detail'),(194,167,'single'),(195,166,'detail'),(196,166,'detail'),(197,166,'detail'),(198,168,'single'),(199,169,'single'),(200,170,'single'),(201,171,'single'),(202,172,'single'),(203,172,'single'),(204,172,'single'),(205,172,'single'),(206,172,'single'),(207,172,'detail'),(208,172,'detail'),(209,172,'detail'),(210,172,'detail'),(211,172,'detail'),(212,173,'single'),(213,174,'single'),(214,175,'single'),(215,176,'single'),(216,177,'single'),(217,178,'single'),(218,178,'single'),(219,178,'single'),(220,178,'single'),(221,178,'single'),(222,178,'detail'),(223,178,'detail'),(224,178,'detail'),(225,178,'detail'),(226,178,'detail'),(227,178,'detail'),(228,179,'single'),(229,180,'single'),(230,181,'single'),(231,182,'single'),(232,183,'single'),(233,184,'single'),(234,185,'single'),(235,185,'single'),(236,185,'single'),(237,185,'single'),(238,185,'single'),(239,185,'detail'),(240,185,'detail'),(241,185,'detail'),(242,185,'detail'),(243,185,'detail'),(244,186,'single'),(245,187,'single'),(246,188,'single'),(247,189,'single'),(248,14,'single');
/*!40000 ALTER TABLE `product_image` ENABLE KEYS */;
UNLOCK TABLES;

--
-- Table structure for table `property`
--

DROP TABLE IF EXISTS `property`;
/*!40101 SET @saved_cs_client     = @@character_set_client */;
 SET character_set_client = utf8mb4 ;
CREATE TABLE `property` (
  `id` int(11) NOT NULL AUTO_INCREMENT COMMENT '唯一索引id',
  `name` varchar(255) DEFAULT NULL COMMENT '属性名称',
  `category_id` int(11) NOT NULL COMMENT '对应的分类id',
  PRIMARY KEY (`id`),
  KEY `fk_property_category` (`category_id`),
  CONSTRAINT `fk_property_category` FOREIGN KEY (`category_id`) REFERENCES `category` (`id`)
) ENGINE=InnoDB AUTO_INCREMENT=82 DEFAULT CHARSET=utf8;
/*!40101 SET character_set_client = @saved_cs_client */;

--
-- Dumping data for table `property`
--

LOCK TABLES `property` WRITE;
/*!40000 ALTER TABLE `property` DISABLE KEYS */;
INSERT INTO `property` VALUES (1,'品牌',1),(2,'尺码',1),(3,'颜色分类',1),(4,'货号',1),(5,'年份季节',1),(6,'销售渠道',1),(7,'材质成分',1),(21,'品牌',3),(22,'材质成分',3),(23,'尺码',3),(24,'颜色分类',3),(25,'年份季节',3),(26,'销售渠道',3),(27,'材质成分',3),(28,'品牌',4),(29,'尺寸',4),(30,'颜色分类',4),(31,'功能类别',4),(32,'销售渠道',4),(33,'材质成分',4),(34,'品牌',5),(35,'净含量',5),(36,'保质期',5),(37,'储存方法',5),(38,'包装方式',5),(39,'配料表',5),(40,'品牌',6),(41,'规格',6),(42,'保质期',6),(43,'用法',6),(44,'类别',6),(45,'药品分类',6),(46,'品牌',7),(47,'操作系统',7),(48,'能效等级',7),(49,'网络连接方式',7),(50,'证书编号',7),(51,'证书状态',7),(52,'品牌',8),(53,'操作系统',8),(54,'售后服务',8),(55,'网络连接方式',8),(56,'产品型号',8),(57,'保修期',8),(58,'品牌',9),(59,'结构工艺',9),(60,'包装体积',9),(61,'设计元素',9),(62,'型号',9),(63,'是否可定制',9),(64,'品牌',10),(65,'材质',10),(66,'颜色分类',10),(67,'是否含遥控',10),(68,'附加功能',10),(69,'是否可定制',10),(76,'品牌',2),(77,'功能',2),(78,'尺码',2),(79,'颜色分类',2),(80,'季节',2),(81,'款式',2);
/*!40000 ALTER TABLE `property` ENABLE KEYS */;
UNLOCK TABLES;

--
-- Table structure for table `property_value`
--

DROP TABLE IF EXISTS `property_value`;
/*!40101 SET @saved_cs_client     = @@character_set_client */;
 SET character_set_client = utf8mb4 ;
CREATE TABLE `property_value` (
  `id` int(11) NOT NULL AUTO_INCREMENT COMMENT '唯一索引id',
  `product_id` int(11) NOT NULL COMMENT '对应产品id',
  `property_id` int(11) NOT NULL COMMENT '对应属性id',
  `value` varchar(255) DEFAULT NULL COMMENT '具体的属性值',
  PRIMARY KEY (`id`),
  KEY `fk_property_value_property` (`property_id`),
  KEY `fk_property_value_product` (`product_id`),
  CONSTRAINT `fk_property_value_product` FOREIGN KEY (`product_id`) REFERENCES `product` (`id`),
  CONSTRAINT `fk_property_value_property` FOREIGN KEY (`property_id`) REFERENCES `property` (`id`)
) ENGINE=InnoDB AUTO_INCREMENT=373 DEFAULT CHARSET=utf8;
/*!40101 SET character_set_client = @saved_cs_client */;

--
-- Dumping data for table `property_value`
--

LOCK TABLES `property_value` WRITE;
/*!40000 ALTER TABLE `property_value` DISABLE KEYS */;
INSERT INTO `property_value` VALUES (1,4,1,'Uniqlo/优衣库'),(2,4,2,'XS/S/M/L/XL/XXL/XXXL'),(3,4,3,'01 乳白色 03灰色 09 黑色'),(4,4,4,'UQ409112000'),(5,4,5,'2019年冬季'),(6,4,6,'商场同款'),(7,4,7,' 聚酰胺纤维(锦纶)100%'),(8,5,1,'待补充'),(9,5,2,'待补充'),(10,5,3,'待补充'),(11,5,4,'待补充'),(12,5,5,'待补充'),(13,5,6,'待补充'),(14,5,7,'待补充'),(15,6,1,'待补充'),(16,6,2,'待补充'),(17,6,3,'待补充'),(18,6,4,'待补充'),(19,6,5,'待补充'),(20,6,6,'待补充'),(21,6,7,'待补充'),(22,7,1,'待补充'),(23,7,2,'待补充'),(24,7,3,'待补充'),(25,7,4,'待补充'),(26,7,5,'待补充'),(27,7,6,'待补充'),(28,7,7,'待补充'),(29,8,1,'待补充'),(30,8,2,'待补充'),(31,8,3,'待补充'),(32,8,4,'待补充'),(33,8,5,'待补充'),(34,8,6,'待补充'),(35,8,7,'待补充'),(36,9,1,'待补充'),(37,9,2,'待补充'),(38,9,3,'待补充'),(39,9,4,'待补充'),(40,9,5,'待补充'),(41,9,6,'待补充'),(42,9,7,'待补充'),(43,10,76,'待补充'),(44,10,77,'待补充'),(45,10,78,'待补充'),(46,10,79,'待补充'),(47,10,80,'待补充'),(48,10,81,'待补充'),(49,11,76,'待补充'),(50,11,77,'待补充'),(51,11,78,'待补充'),(52,11,79,'待补充'),(53,11,80,'待补充'),(54,11,81,'待补充'),(55,12,76,'待补充'),(56,12,77,'待补充'),(57,12,78,'待补充'),(58,12,79,'待补充'),(59,12,80,'待补充'),(60,12,81,'待补充'),(61,13,76,'待补充'),(62,13,77,'待补充'),(63,13,78,'待补充'),(64,13,79,'待补充'),(65,13,80,'待补充'),(66,13,81,'待补充'),(67,14,76,'待补充'),(68,14,77,'待补充'),(69,14,78,'待补充'),(70,14,79,'待补充'),(71,14,80,'待补充'),(72,14,81,'待补充'),(73,15,76,'待补充'),(74,15,77,'待补充'),(75,15,78,'待补充'),(76,15,79,'待补充'),(77,15,80,'待补充'),(78,15,81,'待补充'),(79,16,21,'待补充'),(80,16,22,'待补充'),(81,16,23,'待补充'),(82,16,24,'待补充'),(83,16,25,'待补充'),(84,16,26,'待补充'),(85,16,27,'待补充'),(86,17,21,'待补充'),(87,17,22,'待补充'),(88,17,23,'待补充'),(89,17,24,'待补充'),(90,17,25,'待补充'),(91,17,26,'待补充'),(92,17,27,'待补充'),(93,18,21,'待补充'),(94,18,22,'待补充'),(95,18,23,'待补充'),(96,18,24,'待补充'),(97,18,25,'待补充'),(98,18,26,'待补充'),(99,18,27,'待补充'),(100,19,21,'待补充'),(101,19,22,'待补充'),(102,19,23,'待补充'),(103,19,24,'待补充'),(104,19,25,'待补充'),(105,19,26,'待补充'),(106,19,27,'待补充'),(107,20,21,'待补充'),(108,20,22,'待补充'),(109,20,23,'待补充'),(110,20,24,'待补充'),(111,20,25,'待补充'),(112,20,26,'待补充'),(113,20,27,'待补充'),(114,21,21,'待补充'),(115,21,22,'待补充'),(116,21,23,'待补充'),(117,21,24,'待补充'),(118,21,25,'待补充'),(119,21,26,'待补充'),(120,21,27,'待补充'),(121,148,28,'待补充'),(122,148,29,'待补充'),(123,148,30,'待补充'),(124,148,31,'待补充'),(125,148,32,'待补充'),(126,148,33,'待补充'),(127,149,28,'待补充'),(128,149,29,'待补充'),(129,149,30,'待补充'),(130,149,31,'待补充'),(131,149,32,'待补充'),(132,149,33,'待补充'),(133,150,28,'待补充'),(134,150,29,'待补充'),(135,150,30,'待补充'),(136,150,31,'待补充'),(137,150,32,'待补充'),(138,150,33,'待补充'),(139,151,28,'待补充'),(140,151,29,'待补充'),(141,151,30,'待补充'),(142,151,31,'待补充'),(143,151,32,'待补充'),(144,151,33,'待补充'),(145,152,28,'待补充'),(146,152,29,'待补充'),(147,152,30,'待补充'),(148,152,31,'待补充'),(149,152,32,'待补充'),(150,152,33,'待补充'),(151,153,28,'待补充'),(152,153,29,'待补充'),(153,153,30,'待补充'),(154,153,31,'待补充'),(155,153,32,'待补充'),(156,153,33,'待补充'),(157,154,34,'待补充'),(158,154,35,'待补充'),(159,154,36,'待补充'),(160,154,37,'待补充'),(161,154,38,'待补充'),(162,154,39,'待补充'),(163,155,34,'待补充'),(164,155,35,'待补充'),(165,155,36,'待补充'),(166,155,37,'待补充'),(167,155,38,'待补充'),(168,155,39,'待补充'),(169,156,34,'待补充'),(170,156,35,'待补充'),(171,156,36,'待补充'),(172,156,37,'待补充'),(173,156,38,'待补充'),(174,156,39,'待补充'),(175,157,34,'待补充'),(176,157,35,'待补充'),(177,157,36,'待补充'),(178,157,37,'待补充'),(179,157,38,'待补充'),(180,157,39,'待补充'),(181,158,34,'待补充'),(182,158,35,'待补充'),(183,158,36,'待补充'),(184,158,37,'待补充'),(185,158,38,'待补充'),(186,158,39,'待补充'),(187,159,34,'待补充'),(188,159,35,'待补充'),(189,159,36,'待补充'),(190,159,37,'待补充'),(191,159,38,'待补充'),(192,159,39,'待补充'),(193,160,40,'待补充'),(194,160,41,'待补充'),(195,160,42,'待补充'),(196,160,43,'待补充'),(197,160,44,'待补充'),(198,160,45,'待补充'),(199,161,40,'待补充'),(200,161,41,'待补充'),(201,161,42,'待补充'),(202,161,43,'待补充'),(203,161,44,'待补充'),(204,161,45,'待补充'),(205,162,40,'待补充'),(206,162,41,'待补充'),(207,162,42,'待补充'),(208,162,43,'待补充'),(209,162,44,'待补充'),(210,162,45,'待补充'),(211,163,40,'待补充'),(212,163,41,'待补充'),(213,163,42,'待补充'),(214,163,43,'待补充'),(215,163,44,'待补充'),(216,163,45,'待补充'),(217,164,40,'待补充'),(218,164,41,'待补充'),(219,164,42,'待补充'),(220,164,43,'待补充'),(221,164,44,'待补充'),(222,164,45,'待补充'),(223,165,40,'待补充'),(224,165,41,'待补充'),(225,165,42,'待补充'),(226,165,43,'待补充'),(227,165,44,'待补充'),(228,165,45,'待补充'),(229,166,46,'待补充'),(230,166,47,'待补充'),(231,166,48,'待补充'),(232,166,49,'待补充'),(233,166,50,'待补充'),(234,166,51,'待补充'),(235,167,46,'待补充'),(236,167,47,'待补充'),(237,167,48,'待补充'),(238,167,49,'待补充'),(239,167,50,'待补充'),(240,167,51,'待补充'),(241,168,46,'待补充'),(242,168,47,'待补充'),(243,168,48,'待补充'),(244,168,49,'待补充'),(245,168,50,'待补充'),(246,168,51,'待补充'),(247,169,46,'待补充'),(248,169,47,'待补充'),(249,169,48,'待补充'),(250,169,49,'待补充'),(251,169,50,'待补充'),(252,169,51,'待补充'),(253,170,46,'待补充'),(254,170,47,'待补充'),(255,170,48,'待补充'),(256,170,49,'待补充'),(257,170,50,'待补充'),(258,170,51,'待补充'),(259,171,46,'待补充'),(260,171,47,'待补充'),(261,171,48,'待补充'),(262,171,49,'待补充'),(263,171,50,'待补充'),(264,171,51,'待补充'),(265,172,52,'待补充'),(266,172,53,'待补充'),(267,172,54,'待补充'),(268,172,55,'待补充'),(269,172,56,'待补充'),(270,172,57,'待补充'),(271,173,52,'待补充'),(272,173,53,'待补充'),(273,173,54,'待补充'),(274,173,55,'待补充'),(275,173,56,'待补充'),(276,173,57,'待补充'),(277,174,52,'待补充'),(278,174,53,'待补充'),(279,174,54,'待补充'),(280,174,55,'待补充'),(281,174,56,'待补充'),(282,174,57,'待补充'),(283,175,52,'待补充'),(284,175,53,'待补充'),(285,175,54,'待补充'),(286,175,55,'待补充'),(287,175,56,'待补充'),(288,175,57,'待补充'),(289,176,52,'待补充'),(290,176,53,'待补充'),(291,176,54,'待补充'),(292,176,55,'待补充'),(293,176,56,'待补充'),(294,176,57,'待补充'),(295,177,52,'待补充'),(296,177,53,'待补充'),(297,177,54,'待补充'),(298,177,55,'待补充'),(299,177,56,'待补充'),(300,177,57,'待补充'),(301,178,58,'待补充'),(302,178,59,'待补充'),(303,178,60,'待补充'),(304,178,61,'待补充'),(305,178,62,'待补充'),(306,178,63,'待补充'),(307,179,58,'待补充'),(308,179,59,'待补充'),(309,179,60,'待补充'),(310,179,61,'待补充'),(311,179,62,'待补充'),(312,179,63,'待补充'),(313,180,58,'待补充'),(314,180,59,'待补充'),(315,180,60,'待补充'),(316,180,61,'待补充'),(317,180,62,'待补充'),(318,180,63,'待补充'),(319,181,58,'待补充'),(320,181,59,'待补充'),(321,181,60,'待补充'),(322,181,61,'待补充'),(323,181,62,'待补充'),(324,181,63,'待补充'),(325,182,58,'待补充'),(326,182,59,'待补充'),(327,182,60,'待补充'),(328,182,61,'待补充'),(329,182,62,'待补充'),(330,182,63,'待补充'),(331,183,58,'待补充'),(332,183,59,'待补充'),(333,183,60,'待补充'),(334,183,61,'待补充'),(335,183,62,'待补充'),(336,183,63,'待补充'),(337,184,64,'待补充'),(338,184,65,'待补充'),(339,184,66,'待补充'),(340,184,67,'待补充'),(341,184,68,'待补充'),(342,184,69,'待补充'),(343,185,64,'待补充'),(344,185,65,'待补充'),(345,185,66,'待补充'),(346,185,67,'待补充'),(347,185,68,'待补充'),(348,185,69,'待补充'),(349,186,64,'待补充'),(350,186,65,'待补充'),(351,186,66,'待补充'),(352,186,67,'待补充'),(353,186,68,'待补充'),(354,186,69,'待补充'),(355,187,64,'待补充'),(356,187,65,'待补充'),(357,187,66,'待补充'),(358,187,67,'待补充'),(359,187,68,'待补充'),(360,187,69,'待补充'),(361,188,64,'待补充'),(362,188,65,'待补充'),(363,188,66,'待补充'),(364,188,67,'待补充'),(365,188,68,'待补充'),(366,188,69,'待补充'),(367,189,64,'待补充'),(368,189,65,'待补充'),(369,189,66,'待补充'),(370,189,67,'待补充'),(371,189,68,'待补充'),(372,189,69,'待补充');
/*!40000 ALTER TABLE `property_value` ENABLE KEYS */;
UNLOCK TABLES;

--
-- Table structure for table `referal_link`
--

DROP TABLE IF EXISTS `referal_link`;
/*!40101 SET @saved_cs_client     = @@character_set_client */;
 SET character_set_client = utf8mb4 ;
CREATE TABLE `referal_link` (
  `id` int(11) NOT NULL AUTO_INCREMENT COMMENT '唯一索引id',
  `text` varchar(255) NOT NULL COMMENT '超链显示的文字',
  `link` varchar(255) NOT NULL COMMENT '超链的地址',
  PRIMARY KEY (`id`)
) ENGINE=InnoDB AUTO_INCREMENT=9 DEFAULT CHARSET=utf8;
/*!40101 SET character_set_client = @saved_cs_client */;

--
-- Dumping data for table `referal_link`
--

LOCK TABLES `referal_link` WRITE;
/*!40000 ALTER TABLE `referal_link` DISABLE KEYS */;
INSERT INTO `referal_link` VALUES (1,'天猫会员','#nowhere'),(2,'电器城','#nowhere'),(3,'喵鲜生','#nowhere'),(4,'医药馆','#nowhere'),(5,'营业厅','#nowhere'),(6,'魅力惠','#nowhere'),(7,'飞猪旅游','#nowhere'),(8,'苏宁易购','#nowhere');
/*!40000 ALTER TABLE `referal_link` ENABLE KEYS */;
UNLOCK TABLES;

--
-- Table structure for table `review`
--

DROP TABLE IF EXISTS `review`;
/*!40101 SET @saved_cs_client     = @@character_set_client */;
 SET character_set_client = utf8mb4 ;
CREATE TABLE `review` (
  `id` int(11) NOT NULL AUTO_INCREMENT COMMENT '唯一索引id',
  `content` varchar(4000) DEFAULT NULL COMMENT '评价内容',
  `user_id` int(11) NOT NULL COMMENT '对应的用户id',
  `product_id` int(11) NOT NULL COMMENT '对应的产品id',
  `createDate` datetime DEFAULT NULL COMMENT '评价时间',
  PRIMARY KEY (`id`),
  KEY `fk_review_product` (`product_id`),
  KEY `fk_review_user` (`user_id`),
  CONSTRAINT `fk_review_product` FOREIGN KEY (`product_id`) REFERENCES `product` (`id`),
  CONSTRAINT `fk_review_user` FOREIGN KEY (`user_id`) REFERENCES `user` (`id`)
) ENGINE=InnoDB AUTO_INCREMENT=13 DEFAULT CHARSET=utf8;
/*!40101 SET character_set_client = @saved_cs_client */;

--
-- Dumping data for table `review`
--

LOCK TABLES `review` WRITE;
/*!40000 ALTER TABLE `review` DISABLE KEYS */;
INSERT INTO `review` VALUES (2,'这款短袖T恤不错哦，没想到买的号码挺准。上身效果好看，特别时尚休闲。和图片上的一样，没色差，衣服料子很好，没线头，布料是棉的，摸起来舒服，比想象的要厚实。朋友们都说好看，款式简洁大方。真的是超级赞，以后就认准这家啦，有想买的亲赶快下手哦。我是这的老顾客了，这家产品确实一直棒棒的哦。',1,4,'2018-05-02 10:24:02'),(3,'比较轻薄，质量蛮好的，穿起来还是比较舒适，很合身，价格也实惠！',1,4,'2018-05-02 10:42:07'),(6,'上身效果很好',3,6,'2018-05-07 10:49:09'),(7,'评价一个',1,6,'2018-05-07 11:01:06'),(8,'qw54e5qwe4qw6eq4eqewq',1,4,'2018-05-07 18:05:09'),(9,'当评价完成之后，可以看到其他用户的评价信息',1,4,'2018-05-07 20:59:49'),(10,'1111111111111',5,156,'2019-11-15 11:56:10'),(11,'222222222222',5,172,'2019-11-15 11:56:10'),(12,'333333333',5,160,'2019-11-15 11:56:10');
/*!40000 ALTER TABLE `review` ENABLE KEYS */;
UNLOCK TABLES;

--
-- Table structure for table `user`
--

DROP TABLE IF EXISTS `user`;
/*!40101 SET @saved_cs_client     = @@character_set_client */;
 SET character_set_client = utf8mb4 ;
CREATE TABLE `user` (
  `id` int(11) NOT NULL AUTO_INCREMENT COMMENT '唯一索引id',
  `name` varchar(255) NOT NULL COMMENT '用户名称',
  `password` varchar(255) NOT NULL COMMENT '用户密码',
  PRIMARY KEY (`id`)
) ENGINE=InnoDB AUTO_INCREMENT=11 DEFAULT CHARSET=utf8;
/*!40101 SET character_set_client = @saved_cs_client */;

--
-- Dumping data for table `user`
--

LOCK TABLES `user` WRITE;
/*!40000 ALTER TABLE `user` DISABLE KEYS */;
INSERT INTO `user` VALUES (1,'SaitoAsuka','123456'),(2,'齋藤飛鳥','123456'),(3,'测试账号','123456'),(4,'啊羞羞','123456'),(5,'rhonin','232323'),(7,'仙女','123456'),(8,'主机御三家','123'),(9,'御三家','123'),(10,'jack','123');
/*!40000 ALTER TABLE `user` ENABLE KEYS */;
UNLOCK TABLES;
/*!40103 SET TIME_ZONE=@OLD_TIME_ZONE */;

/*!40101 SET SQL_MODE=@OLD_SQL_MODE */;
/*!40014 SET FOREIGN_KEY_CHECKS=@OLD_FOREIGN_KEY_CHECKS */;
/*!40014 SET UNIQUE_CHECKS=@OLD_UNIQUE_CHECKS */;
/*!40101 SET CHARACTER_SET_CLIENT=@OLD_CHARACTER_SET_CLIENT */;
/*!40101 SET CHARACTER_SET_RESULTS=@OLD_CHARACTER_SET_RESULTS */;
/*!40101 SET COLLATION_CONNECTION=@OLD_COLLATION_CONNECTION */;
/*!40111 SET SQL_NOTES=@OLD_SQL_NOTES */;

-- Dump completed on 2019-11-18 20:48:52
